1.398392677307128906e+01,-3.138717651367187500e+00,1.684020614624023438e+01
1.942694473266601562e+01,-6.209293365478515625e+00,1.604560470581054688e+01
1.889897918701171875e+01,-4.958338737487792969e+00,1.331765937805175781e+01
1.844636344909667969e+01,-5.914774894714355469e+00,1.510975456237792969e+01
1.730502510070800781e+01,-3.974662780761718750e+00,1.559113883972167969e+01
2.206362533569335938e+01,-4.460618972778320312e+00,1.302369785308837891e+01
1.594726848602294922e+01,-5.363969802856445312e+00,1.758937454223632812e+01
2.121098518371582031e+01,-3.254287242889404297e+00,1.618622016906738281e+01
1.960299873352050781e+01,-5.175903320312500000e+00,1.455100440979003906e+01
2.533945083618164062e+01,-6.553077697753906250e-01,1.901510238647460938e+01
2.026659774780273438e+01,-4.344739913940429688e+00,1.468518066406250000e+01
2.073849678039550781e+01,-1.326431751251220703e+00,2.194386863708496094e+01
2.096761894226074219e+01,-7.296703338623046875e+00,1.911469459533691406e+01
2.021924018859863281e+01,-3.813148021697998047e+00,1.686055183410644531e+01
2.226003265380859375e+01,-1.261998176574707031e+00,2.215462112426757812e+01
2.190544319152832031e+01,-3.645472526550292969e+00,1.875131225585937500e+01
2.512917518615722656e+01,-4.105751991271972656e+00,2.116571044921875000e+01
2.092593765258789062e+01,2.840952873229980469e-01,1.403825664520263672e+01
2.333903312683105469e+01,-3.727750778198242188e-01,1.544476985931396484e+01
2.284099769592285156e+01,2.331711769104003906e+00,1.079265403747558594e+01
2.188925552368164062e+01,1.838760375976562500e+00,1.830153656005859375e+01
1.818428421020507812e+01,-4.987868309020996094e+00,1.349297809600830078e+01
2.546624374389648438e+01,-3.742777824401855469e+00,1.191145515441894531e+01
2.333175468444824219e+01,-2.174261093139648438e+00,1.454159736633300781e+01
2.315686607360839844e+01,3.384450912475585938e+00,1.747761726379394531e+01
2.639632034301757812e+01,-2.822504043579101562e+00,1.270305824279785156e+01
2.590530967712402344e+01,-3.198058128356933594e+00,1.043270587921142578e+01
2.244105529785156250e+01,3.111255645751953125e+00,9.442754745483398438e+00
2.294512748718261719e+01,2.373353004455566406e+00,1.738869667053222656e+01
2.557863044738769531e+01,3.101424455642700195e+00,1.557492637634277344e+01
2.520689010620117188e+01,-2.994966506958007812e-01,1.110952472686767578e+01
2.682831192016601562e+01,-8.354849815368652344e-01,1.207405090332031250e+01
2.686076736450195312e+01,-1.689705848693847656e+00,9.508282661437988281e+00
2.492102241516113281e+01,2.702322959899902344e+00,1.116311550140380859e+01
2.878438758850097656e+01,1.283679008483886719e-01,7.901481151580810547e+00
2.542086410522460938e+01,6.610889434814453125e+00,1.137292957305908203e+01
2.216772842407226562e+01,5.963999748229980469e+00,1.440444374084472656e+01
2.356962585449218750e+01,3.943054199218750000e+00,1.666736793518066406e+01
2.385238265991210938e+01,4.999423503875732422e+00,8.922147750854492188e+00
2.141522979736328125e+01,2.013565540313720703e+00,9.889442443847656250e+00
2.408833694458007812e+01,1.834663987159729004e+00,6.653611183166503906e+00
2.799708175659179688e+01,3.465789794921875000e+00,7.370625019073486328e+00
2.580603027343750000e+01,5.722662448883056641e+00,1.117519760131835938e+01
2.596998023986816406e+01,4.349036216735839844e+00,6.349709510803222656e+00
2.746847915649414062e+01,2.751254558563232422e+00,6.524738311767578125e+00
2.759817123413085938e+01,1.365709781646728516e+00,6.399192810058593750e+00
2.719071578979492188e+01,9.340214729309082031e-01,7.587407588958740234e+00
2.729351425170898438e+01,8.794980049133300781e-01,6.009741783142089844e+00
3.057109832763671875e+01,1.866573095321655273e+00,9.888028144836425781e+00
2.892625236511230469e+01,7.133602142333984375e+00,5.175101280212402344e+00
3.021483230590820312e+01,2.875734090805053711e+00,9.757724761962890625e+00
3.047555541992187500e+01,7.620009899139404297e+00,1.217314815521240234e+01
2.734859275817871094e+01,8.684181213378906250e+00,8.097829818725585938e+00
2.525216484069824219e+01,4.080194473266601562e+00,5.036507606506347656e+00
3.125078201293945312e+01,6.822009086608886719e+00,1.013926410675048828e+01
3.061459541320800781e+01,5.834126472473144531e+00,8.235852241516113281e+00
2.874240875244140625e+01,4.976982593536376953e+00,8.710954666137695312e+00
2.484981155395507812e+01,-7.614405632019042969e+00,1.284318542480468750e+01
3.146775436401367188e+01,7.108699798583984375e+00,9.095733642578125000e+00
2.997968673706054688e+01,6.573592185974121094e+00,1.002783489227294922e+01
1.859969329833984375e+01,-3.038460254669189453e+00,3.559541702270507812e-01
2.297180557250976562e+01,1.025530910491943359e+01,3.485698699951171875e+00
2.812024116516113281e+01,3.471437072753906250e+01,2.602780342102050781e+00
3.077389144897460938e+01,1.358229923248291016e+01,4.473900794982910156e+00
2.320227813720703125e+01,1.371838855743408203e+01,1.535812091827392578e+01
2.560018157958984375e+01,1.166469573974609375e+00,1.227526187896728516e+01
2.103067398071289062e+01,1.499348258972167969e+01,4.608952522277832031e+00
1.686594772338867188e+01,5.303910732269287109e+00,4.555597305297851562e-01
3.190396308898925781e+01,7.256222248077392578e+00,1.323603248596191406e+01
2.397739219665527344e+01,1.099278163909912109e+01,1.356459236145019531e+01
3.183155822753906250e+01,8.277085304260253906e+00,1.435034751892089844e+01
3.258771896362304688e+01,9.214759826660156250e+00,1.304557418823242188e+01
3.260239410400390625e+01,5.798075675964355469e+00,1.345363712310791016e+01
3.572228240966796875e+01,1.190084648132324219e+01,1.609495544433593750e+01
3.598061752319335938e+01,9.889262199401855469e+00,1.589583778381347656e+01
3.516399383544921875e+01,7.834823608398437500e+00,1.616014862060546875e+01
3.541225814819335938e+01,8.548357963562011719e+00,1.678274536132812500e+01
3.530805587768554688e+01,7.343322753906250000e+00,1.348668575286865234e+01
3.433840942382812500e+01,8.281357765197753906e+00,1.272311210632324219e+01
3.977257919311523438e+01,8.844423294067382812e+00,1.521434211730957031e+01
3.230976867675781250e+01,9.840718269348144531e+00,1.847213172912597656e+01
3.413610458374023438e+01,5.698117256164550781e+00,1.862499046325683594e+01
3.487917327880859375e+01,5.762081623077392578e+00,1.614837074279785156e+01
3.412296295166015625e+01,4.918210506439208984e+00,2.146717643737792969e+01
3.927084350585937500e+01,9.904720306396484375e+00,1.548839473724365234e+01
3.319694519042968750e+01,8.469165802001953125e+00,1.864930343627929688e+01
3.390232467651367188e+01,9.359833717346191406e+00,1.836599731445312500e+01
3.295371627807617188e+01,9.170421600341796875e+00,2.208154106140136719e+01
3.109500312805175781e+01,7.372859954833984375e+00,2.177115058898925781e+01
3.236861419677734375e+01,7.168519973754882812e+00,1.989341163635253906e+01
3.343566131591796875e+01,9.478949546813964844e+00,1.946282386779785156e+01
3.029697799682617188e+01,7.275319099426269531e+00,1.599476146697998047e+01
3.193953895568847656e+01,6.702934265136718750e+00,1.902300834655761719e+01
3.129990005493164062e+01,8.809990882873535156e+00,1.713317489624023438e+01
3.502995300292968750e+01,4.296371459960937500e+00,1.997783088684082031e+01
3.197605323791503906e+01,1.400876045227050781e+00,2.124135971069335938e+01
3.197027015686035156e+01,3.517069339752197266e+00,2.057639503479003906e+01
3.146224594116210938e+01,2.480068683624267578e+00,2.070080566406250000e+01
3.244535827636718750e+01,6.734514713287353516e+00,1.668442344665527344e+01
3.526934814453125000e+01,2.141957283020019531e+00,1.423391342163085938e+01
2.888046264648437500e+01,4.681174278259277344e+00,1.793361282348632812e+01
3.185010910034179688e+01,4.071751117706298828e+00,1.692382049560546875e+01
3.315701293945312500e+01,3.928466320037841797e+00,1.556926536560058594e+01
3.332369232177734375e+01,4.526105880737304688e+00,1.935064315795898438e+01
2.907887649536132812e+01,5.505955696105957031e+00,2.283016967773437500e+01
3.365307617187500000e+01,3.531577110290527344e+00,1.854745483398437500e+01
2.943140602111816406e+01,8.281358718872070312e+00,2.368234825134277344e+01
3.878534698486328125e+01,3.557800054550170898e+00,2.387289047241210938e+01
2.768236732482910156e+01,2.520724058151245117e+00,2.298486137390136719e+01
3.385581970214843750e+01,7.738202095031738281e+00,1.687173461914062500e+01
3.266295623779296875e+01,6.395349979400634766e+00,2.283266830444335938e+01
3.057619476318359375e+01,6.148974418640136719e+00,2.351337051391601562e+01
3.144768714904785156e+01,5.643567085266113281e+00,2.412294578552246094e+01
2.517156600952148438e+01,9.816724777221679688e+00,2.178916549682617188e+01
3.080600929260253906e+01,1.026566791534423828e+01,2.171101188659667969e+01
2.911987304687500000e+01,8.631164550781250000e+00,2.318774032592773438e+01
3.279025268554687500e+01,1.140109729766845703e+01,2.894532394409179688e+01
2.969879531860351562e+01,5.615010261535644531e+00,2.450468444824218750e+01
3.152160644531250000e+01,1.199810886383056641e+01,2.576313972473144531e+01
2.957154273986816406e+01,5.797435760498046875e+00,2.104337692260742188e+01
2.847024726867675781e+01,2.624204874038696289e+00,1.844510459899902344e+01
2.840230941772460938e+01,2.631666660308837891e+00,2.289674568176269531e+01
2.924894142150878906e+01,3.055170059204101562e+00,2.316050720214843750e+01
2.869153594970703125e+01,9.053169250488281250e+00,2.233378219604492188e+01
2.565976715087890625e+01,4.261387825012207031e+00,1.990258216857910156e+01
2.868192863464355469e+01,-6.761112213134765625e-01,2.651494026184082031e+01
3.015943336486816406e+01,4.127744674682617188e+00,2.090636444091796875e+01
2.455709648132324219e+01,3.840678453445434570e+00,2.614825439453125000e+01
2.219701957702636719e+01,1.095341444015502930e+00,2.276189422607421875e+01
2.947700500488281250e+01,4.057068347930908203e+00,2.386071014404296875e+01
2.228853607177734375e+01,1.298427104949951172e+00,2.290572357177734375e+01
2.410151100158691406e+01,4.851819992065429688e+00,2.382091522216796875e+01
2.373773574829101562e+01,-1.689848899841308594e+00,2.087956047058105469e+01
2.509036636352539062e+01,7.372338771820068359e-01,2.143795204162597656e+01
2.586746025085449219e+01,-5.256342887878417969e-02,2.044366264343261719e+01
2.581776237487792969e+01,-9.512610435485839844e-01,1.978285980224609375e+01
2.485706710815429688e+01,1.905689239501953125e+00,2.152532196044921875e+01
2.374811553955078125e+01,2.158883333206176758e+00,2.146924400329589844e+01
2.539565277099609375e+01,2.802717685699462891e+00,2.171464538574218750e+01
2.422688674926757812e+01,4.032535552978515625e+00,1.876376914978027344e+01
2.619443321228027344e+01,1.761078834533691406e-01,1.994378089904785156e+01
3.223599243164062500e+01,-3.637480735778808594e-02,1.830532455444335938e+01
2.793145561218261719e+01,-1.410494804382324219e+00,2.001331520080566406e+01
2.983800125122070312e+01,-3.420190811157226562e-01,1.773773956298828125e+01
2.644132995605468750e+01,6.118564605712890625e+00,2.048635101318359375e+01
2.793294715881347656e+01,5.774764060974121094e+00,1.855571746826171875e+01
2.736026000976562500e+01,4.601707458496093750e-01,1.913260269165039062e+01
3.097883224487304688e+01,1.616454362869262695e+00,1.670217704772949219e+01
2.633499336242675781e+01,2.080154657363891602e+00,1.846913719177246094e+01
2.871945953369140625e+01,-2.731899261474609375e+00,1.426750373840332031e+01
2.980459213256835938e+01,7.208218574523925781e-01,1.641902732849121094e+01
2.784410095214843750e+01,-1.211392879486083984e-01,1.595473003387451172e+01
2.635779571533203125e+01,-4.671957969665527344e+00,1.626027488708496094e+01
2.371059799194335938e+01,-1.988840103149414062e-02,1.535285949707031250e+01
3.072632026672363281e+01,2.892028093338012695e+00,2.102616882324218750e+01
3.275736999511718750e+01,-1.358663558959960938e+00,1.478171253204345703e+01
3.431081008911132812e+01,-1.690968513488769531e+00,1.509849548339843750e+01
2.915235137939453125e+01,-1.397874355316162109e-01,1.214079284667968750e+01
3.388190078735351562e+01,-1.121743202209472656e+00,1.389481163024902344e+01
3.118347549438476562e+01,2.054321050643920898e+00,1.662451934814453125e+01
2.961625099182128906e+01,5.636252880096435547e+00,1.621771812438964844e+01
3.160891342163085938e+01,-1.944979190826416016e+00,1.391555118560791016e+01
3.300848007202148438e+01,-2.478593826293945312e+00,1.445766925811767578e+01
3.038856887817382812e+01,-2.104936122894287109e+00,1.168560695648193359e+01
3.228318023681640625e+01,-2.806033134460449219e+00,1.156176185607910156e+01
3.375659179687500000e+01,-3.242784500122070312e+00,1.276278495788574219e+01
3.232202911376953125e+01,-4.531682014465332031e+00,1.248143577575683594e+01
3.172616004943847656e+01,-4.480467796325683594e+00,1.164039325714111328e+01
3.236187744140625000e+01,-4.556695938110351562e+00,1.235717105865478516e+01
3.090612792968750000e+01,-4.720311164855957031e+00,1.149958038330078125e+01
3.415364837646484375e+01,-2.023935317993164062e+00,1.214834976196289062e+01
3.914236450195312500e+01,6.342988014221191406e-01,9.867689132690429688e+00
3.557272338867187500e+01,-4.920012474060058594e+00,1.093453216552734375e+01
3.563893890380859375e+01,-5.409646034240722656e-02,1.048330879211425781e+01
3.458078765869140625e+01,-1.908018112182617188e+00,1.211508178710937500e+01
3.753762054443359375e+01,-8.451352119445800781e-01,1.196311855316162109e+01
3.833082580566406250e+01,-2.246594429016113281e-02,1.266864681243896484e+01
3.839897537231445312e+01,-2.615010738372802734e-01,1.374126434326171875e+01
3.919539642333984375e+01,5.746035575866699219e-01,1.230755233764648438e+01
4.201796722412109375e+01,5.016457557678222656e+00,4.867497444152832031e+00
3.521791839599609375e+01,-2.585108280181884766e+00,8.432445526123046875e+00
3.834788131713867188e+01,1.043074131011962891e-01,-5.023719787597656250e+00
3.578777313232421875e+01,-1.769036293029785156e+00,6.054349899291992188e+00
3.597526550292968750e+01,-2.483967304229736328e+00,4.684068679809570312e+00
2.735540008544921875e+01,1.959507822990417480e+00,5.976646423339843750e+00
3.423666000366210938e+01,4.532356262207031250e+00,6.819893836975097656e+00
3.637026977539062500e+01,-5.326271057128906250e-02,6.488502502441406250e+00
3.834854888916015625e+01,4.636774063110351562e-01,4.557991027832031250e+00
3.519095993041992188e+01,1.001609802246093750e+00,5.033915519714355469e+00
3.476905822753906250e+01,1.145411491394042969e+00,7.962893009185791016e+00
3.447188568115234375e+01,2.178038120269775391e+00,8.404882431030273438e+00
3.402300262451171875e+01,2.040782451629638672e+00,9.731250762939453125e+00
3.443600082397460938e+01,1.471051454544067383e+00,9.711328506469726562e+00
2.200376129150390625e+01,-2.230171203613281250e+01,1.306067943572998047e+01
3.345827102661132812e+01,2.675268650054931641e+00,6.576855659484863281e+00
3.457784271240234375e+01,3.110654592514038086e+00,7.767127513885498047e+00
3.299812316894531250e+01,3.183918476104736328e+00,6.921836853027343750e+00
3.558032226562500000e+01,6.597752094268798828e+00,2.731894874572753906e+01
3.357355499267578125e+01,1.035782575607299805e+00,1.122456741333007812e+01
3.529782485961914062e+01,1.419239759445190430e+00,1.389619445800781250e+01
3.185000991821289062e+01,5.496120452880859375e-02,1.060694122314453125e+01
3.621916198730468750e+01,1.217033863067626953e+00,1.043329429626464844e+01
3.449427795410156250e+01,5.689384460449218750e+00,1.341507434844970703e+01
3.699273300170898438e+01,3.132095336914062500e+00,1.207540512084960938e+01
3.595069503784179688e+01,2.928237438201904297e+00,1.447609519958496094e+01
4.239675521850585938e+01,1.460835170745849609e+01,1.452233695983886719e+01
3.612850952148437500e+01,4.183831691741943359e+00,1.353477764129638672e+01
3.488047027587890625e+01,8.742536544799804688e+00,1.347196388244628906e+01
3.628192138671875000e+01,4.731371879577636719e+00,1.404472923278808594e+01
2.965605354309082031e+01,-3.358534812927246094e+00,1.074240779876708984e+01
3.108820724487304688e+01,6.128263473510742188e-02,1.211294364929199219e+01
2.887101173400878906e+01,1.627284049987792969e+00,1.275124740600585938e+01
2.887392044067382812e+01,-7.790713310241699219e-01,1.245730972290039062e+01
3.207914733886718750e+01,-5.993022918701171875e-01,1.104024314880371094e+01
3.098390769958496094e+01,-3.226573467254638672e+00,1.435596466064453125e+01
2.825477409362792969e+01,-4.278815269470214844e+00,1.055923366546630859e+01
2.650203323364257812e+01,-3.990688323974609375e+00,1.250918483734130859e+01
2.733853149414062500e+01,-1.453986644744873047e+00,1.216313076019287109e+01
1.758098983764648438e+01,1.131959342956542969e+01,2.237462615966796875e+01
2.529385948181152344e+01,-1.986344337463378906e+00,1.378834056854248047e+01
2.841113662719726562e+01,-1.042556762695312500e+00,1.344685935974121094e+01
2.849110031127929688e+01,2.931985378265380859e+00,1.527528190612792969e+01
2.742786407470703125e+01,-4.115226268768310547e+00,1.366596412658691406e+01
2.692071342468261719e+01,-5.315002441406250000e+00,1.343613147735595703e+01
2.766048622131347656e+01,-6.326153755187988281e+00,1.408848094940185547e+01
2.808989906311035156e+01,-6.936642646789550781e+00,1.426199436187744141e+01
2.688401603698730469e+01,-4.468434333801269531e+00,1.349321556091308594e+01
2.782178497314453125e+01,-4.645466804504394531e+00,1.438084030151367188e+01
2.875347518920898438e+01,-4.621857643127441406e+00,1.416669845581054688e+01
2.802576255798339844e+01,-3.636049270629882812e+00,1.496908950805664062e+01
2.655176162719726562e+01,-6.522100448608398438e+00,1.458307743072509766e+01
2.641245651245117188e+01,-7.175694465637207031e+00,1.548537635803222656e+01
2.532784461975097656e+01,-8.201534271240234375e+00,1.570344448089599609e+01
2.514907073974609375e+01,-8.583443641662597656e+00,1.516082763671875000e+01
2.634460830688476562e+01,-6.505509376525878906e+00,1.622097778320312500e+01
2.216873550415039062e+01,-1.087452602386474609e+01,1.822907066345214844e+01
2.617159080505371094e+01,-1.150084114074707031e+01,1.666287040710449219e+01
2.088025474548339844e+01,-4.996721267700195312e+00,1.928534507751464844e+01
1.561988067626953125e+01,-7.645851135253906250e+00,2.034803581237792969e+01
2.507494163513183594e+01,-1.156167793273925781e+01,1.599643230438232422e+01
2.107489585876464844e+01,-8.911097526550292969e+00,1.595035934448242188e+01
2.148229217529296875e+01,-8.006772041320800781e+00,1.652463340759277344e+01
2.523675918579101562e+01,-8.915121078491210938e+00,1.711411285400390625e+01
2.294986915588378906e+01,-6.851222991943359375e+00,1.419356155395507812e+01
2.334223747253417969e+01,-5.717932701110839844e+00,1.362090682983398438e+01
2.248313140869140625e+01,-5.891773223876953125e+00,1.208985614776611328e+01
2.239640426635742188e+01,-5.978831291198730469e+00,1.120777130126953125e+01
2.430350494384765625e+01,-5.370147705078125000e+00,1.300616073608398438e+01
2.505440711975097656e+01,-4.757825851440429688e+00,1.309628677368164062e+01
2.248322677612304688e+01,-4.928994178771972656e+00,1.132753658294677734e+01
2.146653556823730469e+01,-5.649329185485839844e+00,1.033679389953613281e+01
2.047458267211914062e+01,-4.261674404144287109e+00,1.082688140869140625e+01
1.942749404907226562e+01,-4.310464859008789062e+00,1.117727851867675781e+01
2.169769668579101562e+01,-5.812189102172851562e+00,1.149937629699707031e+01
1.838639259338378906e+01,-1.039290714263916016e+01,3.134066009521484375e+01
1.824151420593261719e+01,-2.121669769287109375e+00,1.136207962036132812e+01
1.785597991943359375e+01,-6.415198326110839844e+00,1.283131504058837891e+01
5.454435348510742188e+00,6.890474796295166016e+00,1.280535888671875000e+01
1.813005828857421875e+01,-6.338772773742675781e-01,1.512236213684082031e+01
1.641224861145019531e+01,-8.823518753051757812e-01,1.326363468170166016e+01
2.003926849365234375e+01,-2.494691848754882812e+00,1.258645248413085938e+01
2.046826171875000000e+01,-3.674371242523193359e+00,1.456910705566406250e+01
1.686302566528320312e+01,-4.103987693786621094e+00,1.471887111663818359e+01
1.809151268005371094e+01,2.040475368499755859e+00,1.566341686248779297e+01
1.843901824951171875e+01,2.182029247283935547e+00,1.700977897644042969e+01
1.653569602966308594e+01,-1.312367439270019531e+00,1.491672706604003906e+01
3.715116500854492188e+00,1.876595497131347656e+01,2.455457878112792969e+01
1.838472175598144531e+01,2.524088144302368164e+00,1.798575592041015625e+01
1.982215881347656250e+01,1.930821895599365234e+00,1.798083114624023438e+01
2.059408950805664062e+01,-6.274175643920898438e-02,1.436380386352539062e+01
1.735883331298828125e+01,1.552056312561035156e+00,1.110213851928710938e+01
1.865283775329589844e+01,4.042916297912597656e+00,1.712070846557617188e+01
2.164710617065429688e+01,-1.369080543518066406e-01,2.065737533569335938e+01
1.743595123291015625e+01,5.877372264862060547e+00,2.184818649291992188e+01
2.274580955505371094e+01,1.018404245376586914e+00,1.577394866943359375e+01
2.208544349670410156e+01,1.920453310012817383e+00,1.762321472167968750e+01
2.532392311096191406e+01,2.740754365921020508e+00,1.772658920288085938e+01
2.344372177124023438e+01,6.807774066925048828e+00,2.109153747558593750e+01
2.017696380615234375e+01,4.908454895019531250e+00,2.013132476806640625e+01
2.586186218261718750e+01,3.036904573440551758e+00,1.751613998413085938e+01
2.131336212158203125e+01,4.083683967590332031e+00,1.560280418395996094e+01
2.158286094665527344e+01,4.141971111297607422e+00,1.925575637817382812e+01
2.276844787597656250e+01,1.237255382537841797e+01,1.804062080383300781e+01
2.542937469482421875e+01,6.563564300537109375e+00,1.767219543457031250e+01
2.838456535339355469e+01,8.869689941406250000e+00,1.876446342468261719e+01
2.835124206542968750e+01,5.033733367919921875e+00,2.106357765197753906e+01
2.402356529235839844e+01,5.011594295501708984e+00,2.561978149414062500e+01
2.865723419189453125e+01,7.687572956085205078e+00,1.606494903564453125e+01
2.518014717102050781e+01,1.123079395294189453e+01,2.188154220581054688e+01
2.912567520141601562e+01,1.153785896301269531e+01,2.052157974243164062e+01
2.345864868164062500e+01,5.271142959594726562e+00,2.017340469360351562e+01
2.550716209411621094e+01,7.174681186676025391e+00,1.905445861816406250e+01
2.616801834106445312e+01,5.514087677001953125e+00,1.774712753295898438e+01
2.573079299926757812e+01,4.905331134796142578e+00,2.081395721435546875e+01
2.664123916625976562e+01,1.457876491546630859e+01,1.387911415100097656e+01
2.581684303283691406e+01,1.355798816680908203e+01,1.546080303192138672e+01
2.707173156738281250e+01,1.068945884704589844e+01,1.632630920410156250e+01
2.180263137817382812e+01,1.231182193756103516e+01,1.942347526550292969e+01
2.656555747985839844e+01,8.043066024780273438e+00,2.047380447387695312e+01
2.175453567504882812e+01,1.430518150329589844e+01,2.095476531982421875e+01
2.889037132263183594e+01,1.169973182678222656e+01,1.745696258544921875e+01
2.789615631103515625e+01,1.849010658264160156e+01,2.257283020019531250e+01
2.869691085815429688e+01,1.319295406341552734e+01,2.083255386352539062e+01
2.591795730590820312e+01,1.428660297393798828e+01,2.072932434082031250e+01
2.745395088195800781e+01,1.559923648834228516e+01,1.918816947937011719e+01
3.045545196533203125e+01,1.491485786437988281e+01,2.029519462585449219e+01
2.815153884887695312e+01,1.371313953399658203e+01,1.662397956848144531e+01
2.709202194213867188e+01,1.836338424682617188e+01,3.814543151855468750e+01
2.734756278991699219e+01,1.270592212677001953e+01,2.035677337646484375e+01
2.395837020874023438e+01,2.260447311401367188e+01,2.598322677612304688e+01
3.029061889648437500e+01,1.251664829254150391e+01,2.063520240783691406e+01
3.094428253173828125e+01,1.588433742523193359e+01,1.946507644653320312e+01
3.199164199829101562e+01,1.643230819702148438e+01,1.889411354064941406e+01
3.753008270263671875e+01,3.625661849975585938e+01,6.125831604003906250e-01
2.356394195556640625e+01,2.417008209228515625e+01,1.045432186126708984e+01
3.291328811645507812e+01,1.675376129150390625e+01,1.899395179748535156e+01
4.516165542602539062e+01,1.925479888916015625e+01,3.838547134399414062e+01
3.465460205078125000e+01,1.244053936004638672e+01,1.869462966918945312e+01
2.965914916992187500e+01,1.674040412902832031e+01,1.697392082214355469e+01
3.198460197448730469e+01,1.721598434448242188e+01,1.378916263580322266e+01
3.270729446411132812e+01,1.554748058319091797e+01,1.502254390716552734e+01
3.547791671752929688e+01,1.660983276367187500e+01,1.959308624267578125e+01
3.491619873046875000e+01,1.603032112121582031e+01,1.159208488464355469e+01
3.107915115356445312e+01,1.433759784698486328e+01,1.673467445373535156e+01
3.254430389404296875e+01,1.692968750000000000e+01,1.424615383148193359e+01
3.154536247253417969e+01,1.547717094421386719e+01,1.351781845092773438e+01
3.312903594970703125e+01,1.785604476928710938e+01,1.514050579071044922e+01
3.138694763183593750e+01,1.465258884429931641e+01,1.114789199829101562e+01
3.077210617065429688e+01,1.633093261718750000e+01,1.195993614196777344e+01
2.996876335144042969e+01,1.701295852661132812e+01,1.301834106445312500e+01
3.143414497375488281e+01,1.741940307617187500e+01,1.149597740173339844e+01
2.441131591796875000e+01,1.263871765136718750e+01,4.353547096252441406e+00
2.435008811950683594e+01,1.154732131958007812e+01,7.263101577758789062e+00
-1.131775856018066406e+01,7.410618782043457031e+00,3.425820159912109375e+01
2.387722587585449219e+01,1.031350326538085938e+01,7.204017639160156250e+00
2.340069961547851562e+01,9.705875396728515625e+00,1.105577754974365234e+01
2.392265319824218750e+01,8.746197700500488281e+00,1.194292259216308594e+01
2.107341766357421875e+01,5.327512264251708984e+00,1.206000041961669922e+01
2.290190124511718750e+01,6.067047119140625000e+00,1.485837554931640625e+01
2.427801704406738281e+01,9.811201095581054688e+00,1.317994308471679688e+01
1.808103942871093750e+01,3.548297405242919922e+00,1.245177650451660156e+01
2.566021537780761719e+01,7.465654850006103516e+00,1.503868675231933594e+01
1.871746444702148438e+01,6.072524547576904297e+00,1.444855022430419922e+01
2.315487670898437500e+01,5.084929466247558594e+00,1.194094371795654297e+01
2.084112167358398438e+01,1.335360622406005859e+01,1.395153713226318359e+01
2.132930755615234375e+01,6.766117572784423828e+00,1.824983215332031250e+01
2.365406608581542969e+01,5.950708389282226562e+00,1.358767890930175781e+01
2.139684104919433594e+01,4.176949501037597656e+00,1.360181617736816406e+01
1.911365890502929688e+01,3.697824001312255859e+00,1.461421203613281250e+01
1.519189834594726562e+01,8.532214164733886719e+00,1.490589714050292969e+01
1.626679992675781250e+01,7.378120422363281250e+00,1.289279842376708984e+01
1.844782257080078125e+01,6.207878589630126953e+00,1.326792526245117188e+01
1.934589767456054688e+01,1.329051303863525391e+01,5.545110702514648438e+00
1.681096267700195312e+01,6.167660713195800781e+00,1.156367778778076172e+01
1.851026344299316406e+01,5.980872154235839844e+00,1.121191024780273438e+01
1.721237945556640625e+01,2.592261552810668945e+00,1.309210681915283203e+01
1.651308631896972656e+01,4.570203781127929688e+00,1.453241443634033203e+01
1.605537796020507812e+01,1.268661022186279297e+00,1.328972434997558594e+01
1.268794631958007812e+01,7.253188133239746094e+00,1.827366256713867188e+01
1.649584579467773438e+01,5.234822273254394531e+00,1.547821521759033203e+01
1.819025421142578125e+01,6.387641429901123047e+00,1.869646263122558594e+01
1.690048599243164062e+01,4.595072269439697266e+00,1.271192264556884766e+01
1.753817367553710938e+01,9.848440170288085938e+00,1.344366168975830078e+01
1.433008098602294922e+01,5.109343051910400391e+00,1.199143028259277344e+01
1.249732780456542969e+01,9.018219947814941406e+00,9.560720443725585938e+00
1.419013977050781250e+01,7.016366004943847656e+00,1.605313873291015625e+01
1.689857101440429688e+01,3.632599115371704102e+00,1.533741283416748047e+01
1.338888549804687500e+01,1.041977977752685547e+01,1.320601749420166016e+01
1.651131439208984375e+01,8.297702789306640625e+00,1.579849529266357422e+01
1.377736186981201172e+01,9.751163482666015625e+00,1.173958206176757812e+01
1.306169128417968750e+01,8.414144515991210938e+00,9.450939178466796875e+00
1.408854484558105469e+01,7.570867538452148438e+00,1.187387657165527344e+01
1.429680728912353516e+01,7.882948875427246094e+00,4.516814231872558594e+00
1.464412212371826172e+01,9.243989944458007812e+00,1.105547904968261719e+01
1.438466548919677734e+01,9.711416244506835938e+00,1.064725208282470703e+01
3.712925720214843750e+01,1.378933811187744141e+01,1.875532531738281250e+01
1.343713760375976562e+00,-3.433113098144531250e+00,7.411939144134521484e+00
-2.176328468322753906e+01,-7.150289535522460938e+00,5.998447418212890625e+00
1.406173801422119141e+01,7.216886997222900391e+00,1.003133010864257812e+01
